{
  "points_of_interest" : [
    { "number" : "1", "name" : "Car park map board", "description" : "Path to the Dry Heath:  Look for plants that thrive on an open heath.", "image" : "image-placeholder.png" },
    { "number" : "2", "name" : "Picnic Site: totem pole", "description" : "Animals carved on the benches.", "image" : "image-placeholder.png" },
    { "number" : "2A", "name" : "", "description" : "Taking the alternative Green Route through Scots Pine woodland.  Heathland on the right.", "image" : "image-placeholder.png" },
	{ "number" : "2B", "name" : "The Green", "description" : "A remnant of the Bramshott Golf Course laid when the Army owned Fleet Pond.", "image" : "image-placeholder.png" },
	{ "number" : "3", "name" : "Coldstream Marsh", "description" : "In summer you might see cattle; there a large water tank behind the gate", "image" : "image-placeholder.png" },
	{ "number" : "3A", "name" : "", "description" : "If you take the upper path look for the hollow oak tree.", "image" : "image-placeholder.png" },
	{ "number" : "3B", "name" : "", "description" : "Keeping to the upper path, the wide field to the left is training land still owned by the Army", "image" : "image-placeholder.png" },
	{ "number" : "4", "name" : "", "description" : "Green route joins Blue & Yellow.  Coldstream Wood: There is a stream under a large culvert.  A diversion stream.", "image" : "image-placeholder.png" },
	{ "number" : "5", "name" : "Coldstream Glade", "description" : "Choice of routes.  Use the boardwalk to reach Sandy Bay; or Continue on the Green Route to Gelvert Bridge.", "image" : "image-placeholder.png" },
	{ "number" : "5A", "name" : "Gelvert Bridge", "description" : "Look carefully in to the stream as fish often hide under the bridge. Here Yellow and Blue routes separate.", "image" : "image-placeholder.png" },
	{ "number" : "5B", "name" : "", "description" : "The Yellow Route avoids the footpath around Wood Lane Heath and takes you to Westover Road access point via Bog Myrtle Glade.", "image" : "image-placeholder.png" },
	{ "number" : "6", "name" : "Sandy Bay", "description" : "A good place to see water birds and herons on the large Fir Tree Island where they breed in February.", "image" : "image-placeholder.png" },
	{ "number" : "7", "name" : "Gelvert Stream diversion channel", "description" : "Designed to accept high levels of flow to reduce silting of Sandy Bay.", "image" : "image-placeholder.png" },
	{ "number" : "8", "name" : "", "description" : "Boundary with the land owned by the Defence Estates (Army land).  Here you will find the wide plank bridge and ford.", "image" : "image-placeholder.png" },
	{ "number" : "9", "name" : "Wood Lane access point", "description" : "This bridge is all steel and not wooden. It is the old Carnival Bridge that once was located over the outflow culvert at Fleet Station car park.", "image" : "image-placeholder.png" },
	{ "number" : "10", "name" : "Kenilworth Road access point", "description" : "On the right is a small pond, which helps filter road run off and reduce pollution to Fleet Pond", "image" : "image-placeholder.png" },
	{ "number" : "11", "name" : "Kenilworth boat jetty", "description" : "Look across at Fugelmere Island for ducks and herons.", "image" : "image-placeholder.png" },
	{ "number" : "12", "name" : "Kenilworth Viewpoint", "description" : "From here you can see other islands.  Look out for gulls, swans, ducks and geese.", "image" : "image-placeholder.png" },
	{ "number" : "13", "name" : "Brookly Bridge", "description" : "Mallard ducks and herons can often be seen on this stream, the Brookly Stream.  From here you can choose to continue to point 17 (Yellow Route) Chestnut Grove or take the route around Brookly Wood (Blue Route).   From this point you can see Brookly Pond where Mallard ducks are often seen.", "image" : "image-placeholder.png" },
	{ "number" : "14", "name" : "Avondale pond", "description" : "look for the ways in which water can leave this pond into the channel around Brookly Wood.", "image" : "image-placeholder.png" },
	{ "number" : "15", "name" : "The Four Stew Ponds", "description" : "These are old ponds which were used to store fish when the Bishop of Winchester owned Fleet Pond.", "image" : "image-placeholder.png" },
	{ "number" : "16", "name" : "Brookly Wood", "description" : "A good place to see our best Beech trees.   Their seed cases can be found around the trees.", "image" : "image-placeholder.png" },
	{ "number" : "17", "name" : "Chestnut Grove jetty", "description" : "One of the best places to see most of the Ponds wild water birds.  Mute Swans, Canada Geese, Greylag Geese, Mallard and Tufted Ducks, Great Crested Grebes.  Black-headed Gulls will try to steal food fed to the waterfowl.", "image" : "image-placeholder.png" },
	{ "number" : "18", "name" : "Wellington Road access point", "description" : "There is a new shallow pond here.  You will often see Robins, Blackbirds and Song Thrushes in the trees here.", "image" : "image-placeholder.png" },
	{ "number" : "19", "name" : "Wellington Viewing platform", "description" : "Good views over a large reed bed.   You can see Phragmites (Common) Reed and the large sausage shaped seed heads of Reedmace.  Look out for birds in the reeds.  In summer Reed Warblers nest here.", "image" : "image-placeholder.png" },
	{ "number" : "20", "name" : "Hemelite Bay", "description" : "Mallard ducks, Swans and Canada Geese come to the path here to be fed.   Please do not give them bread.  Here there is a board showing all the different birds one can see at Fleet Pond.  The plant that lies on the water surface around the reedbeds is Bog Bean.", "image" : "image-placeholder.png" },
	{ "number" : "21", "name" : "The Flash pond dipping platform", "description" : "Bring a net and a tray or small bucket in summer and see what water insects you can catch.", "image" : "image-placeholder.png" },
	{ "number" : "22", "name" : "Hemelite Bay pond dipping platform", "description" : "Another good place the catch pond bugs.  In summer you might see Tufted Ducks as well as Mallards in this bay.", "image" : "image-placeholder.png" },
	{ "number" : "23", "name" : "New Carnival Bridge", "description" : "This is where water leaves Fleet Pond and flows into the pond owned by the Heron on the Lake restaurant.   Look through the tunnel; you might see a heron at the other end waiting for fish to swim through.", "image" : "image-placeholder.png" },
	{ "number" : "24", "name" : "", "description" : "The large, floating T-jetty for fishing.", "image" : "image-placeholder.png" },
	{ "number" : "25", "name" : "Boathouse Corner", "description" : "This is where an old boathouse was built in Victorian times, now long gone.  A good place to feed the water birds and look for woodland birds in the trees close by.   Blue tits, Great tits, Robins.", "image" : "image-placeholder.png" },
	{ "number" : "26", "name" : "", "description" : "Take the upper path and look through the trees over to the heath.   If you take a diversion to the heath edge you can find remains of the buildings and storage tank holders built by the army when Fleet Pond was a part of their training lands.", "image" : "image-placeholder.png" },
	{ "number" : "27", "name" : "", "description" : "Taking the lower (Brown alternative Route) you reach Lions View platform: Walk up the ramp to the platform.  Good views from here of the eastern reedbeds, and out to the pond.  From here you can see the fallen trees on Cormorant Island where the Cormorants roost.   In winter large numbers of Cormorants roost over-night on this island.   If you return to the upper path using the slope at Lions View, you will come to the Picnic site, point 2 on your tour of Fleet Pond.  The next slope up to the upper path is at point 3." }
  ]
}